latitude,longitude,utm_easting,utm_northing,utm_zone_number
37.28835168303392,127.10725331684715,332220.72790325555,4128540.195429717,52S
37.28835001303375,127.10725851684717,332221.18518360704,4128540.0009057014,52S
37.28894406220003,127.1076082794133,332253.5116851962,4128605.292855058,52S
37.28894461910747,127.10760613715331,332253.3230080998,4128605.358448213,52S
37.28894517601491,127.10760399489338,332253.13433101075,4128605.424041372,52S
37.28894573292239,127.10760185263342,332252.9456539223,4128605.489634539,52S
37.28894628982984,127.10759971037344,332252.75697683415,4128605.555227706,52S
37.288946846737296,127.10759756811348,332252.56829975115,4128605.620820881,52S
37.288947403644734,127.10759542585349,332252.37962266855,4128605.6864140555,52S
37.2889479605522,127.1075932835936,332252.19094559783,4128605.7520072386,52S
37.28894851745965,127.10759114133364,332252.0022685231,4128605.817600426,52S
37.2889490743671,127.10758899907368,332251.81359145103,4128605.8831936154,52S
37.28894963127456,127.1075868568137,332251.62491437944,4128605.9487868105,52S
37.288950188182014,127.10758471455377,332251.4362373153,4128606.0143800103,52S
37.28895074508947,127.10758257229381,332251.24756025145,4128606.0799732143,52S
37.28895130199693,127.10758043003388,332251.05888319283,4128606.1455664225,52S
37.288951858904376,127.10757828777392,332250.8702061345,4128606.211159635,52S
37.288952415811835,127.10757614551396,332250.681529079,4128606.276752851,52S
37.28895297271928,127.10757400325397,332250.49285202404,4128606.342346072,52S
37.288953529626745,127.10757186099403,332250.3041749763,4128606.407939298,52S
37.28895408653418,127.10756971873407,332250.11549792916,4128606.473532527,52S
37.288954643441656,127.1075675764741,332249.9268208824,4128606.539125762,52S
37.288955200349115,127.10756543421418,332249.7381438452,4128606.6047190023,52S
37.28895575725656,127.1075632919542,332249.549466804,4128606.6703122435,52S
37.288956314164004,127.10756114969426,332249.3607897701,4128606.7359054903,52S
37.28895687107146,127.1075590074343,332249.17211273673,4128606.8014987423,52S
37.288957427978914,127.10755686517437,332248.9834357083,4128606.8670919975,52S
37.28895798488637,127.10755472291441,332248.79475868033,4128606.9326852583,52S
37.28895854179384,127.10755258065446,332248.60608165525,4128606.998278524,52S
37.28895909870128,127.10755043839447,332248.41740463045,4128607.063871791,52S
37.28895965560872,127.10754829613452,332248.2287276131,4128607.1294650654,52S
37.288960212516194,127.10754615387457,332248.04005059623,4128607.1950583435,52S
37.28896076942365,127.1075440116146,332247.85137358215,4128607.2606516266,52S
37.2889613263311,127.10754186935468,332247.66269657295,4128607.326244913,52S
37.28896188323854,127.10753972709472,332247.47401956434,4128607.391838202,52S
37.28896244014601,127.1075375848347,332247.285342554,4128607.4574314984,52S
37.28896299705346,127.1075354425748,332247.0966655554,4128607.5230247974,52S
37.28896355396092,127.1075333003149,332246.9079885596,4128607.588618102,52S
37.28896411086837,127.10753115805491,332246.7193115597,4128607.654211409,52S
37.28896466777582,127.10752901579497,332246.5306345671,4128607.7198047224,52S
37.28896522468328,127.10752687353497,332246.3419575705,4128607.7853980395,52S
37.28896578159075,127.10752473127503,332246.15328058344,4128607.850991362,52S
37.288966338498184,127.10752258901506,332245.96460359683,4128607.9165846854,52S
37.28896689540562,127.1075204467551,332245.775926613,4128607.9821780133,52S
37.28896745231309,127.10751830449513,332245.58724962967,4128608.0477713495,52S
37.28896800922055,127.10751616223519,332245.39857265365,4128608.1133646886,52S
37.288968566128005,127.10751401997523,332245.2098956781,4128608.1789580323,52S
37.288969123035464,127.1075118777153,332245.0212187076,4128608.2445513806,52S
37.288969679942916,127.10750973545534,332244.83254173753,4128608.310144731,52S
37.28897023685037,127.10750759319541,332244.6438647725,4128608.375738087,52S
37.28897079375783,127.10750545093545,332244.455187808,4128608.441331449,52S
37.28897135066528,127.10750330867546,332244.266510844,4128608.5069248136,52S
37.288971907572716,127.10750116641553,332244.0778338872,4128608.57251818,52S
37.28897246448019,127.10749902415556,332243.88915693096,4128608.6381115555,52S
37.28897302138763,127.1074968818956,332243.7004799774,4128608.703704933,52S
37.2889735782951,127.10749473963567,332243.511803029,4128608.769298316,52S
37.28897413520255,127.10749259737574,332243.32312608324,4128608.834891703,52S
37.28897469211001,127.10749045511578,332243.1344491381,4128608.900485095,52S
37.288975249017454,127.10748831285582,332242.9457721955,4128608.9660784877,52S
37.288975805924906,127.10748617059583,332242.75709525356,4128609.0316718873,52S
37.288976362832344,127.10748402833588,332242.5684183166,4128609.09726529,52S
37.28897691973981,127.10748188607585,332242.3797413756,4128609.1628586994,52S
37.28897747664726,127.10747974381596,332242.19106445095,4128609.228452112,52S
37.28897803355471,127.10747760155604,332242.0023875268,4128609.294045528,52S
37.28897910356897,127.10747311103216,332241.6066738919,4128609.4207380684,52S
37.28897967190656,127.10747098644686,332241.41958923824,4128609.487568361,52S
37.28898024024414,127.1074688618615,332241.2325045851,4128609.554398658,52S
37.28898080858173,127.1074667372762,332241.0454199371,4128609.6212289603,52S
37.288981376919295,127.10746461269092,332240.8583352941,4128609.688059265,52S
37.28898194525688,127.1074624881056,332240.6712506516,4128609.754889574,52S
37.28898251359447,127.10746036352023,332240.4841660075,4128609.821719889,52S
37.288983081932045,127.10745823893498,332240.297081375,4128609.888550206,52S
37.288983650269614,127.10745611434965,332240.1099967387,4128609.9553805287,52S
37.288984218607204,127.10745398976432,332239.92291210743,4128610.022210856,52S
37.28898478694479,127.10745186517904,332239.7358274812,4128610.089041187,52S
37.288985355282364,127.10744974059374,332239.54874285543,4128610.1558715226,52S
37.288985923619926,127.10744761600837,332239.361658228,4128610.2227018606,52S
37.28898649195753,127.1074454914231,332239.1745736124,4128610.289532206,52S
37.28898706029509,127.1074433668378,332238.9874889951,4128610.356362552,52S
37.288987628632675,127.10744124225246,332238.8004043782,4128610.423192906,52S
37.288988196970266,127.10743911766714,332238.6133197666,4128610.4900232633,52S
37.288988765307835,127.10743699308186,332238.42623515974,4128610.5568536236,52S
37.288989333645425,127.10743486849655,332238.2391505537,4128610.62368399,52S
37.288989901983,127.10743274391123,332238.05206595024,4128610.6905143587,52S
37.28899047032059,127.10743061932595,332237.864981352,4128610.757344734,52S
37.28899103865818,127.10742849474062,332237.6778967519,4128610.824175113,52S
37.288991606995744,127.10742637015532,332237.49081215914,4128610.891005493,52S
37.28899217533332,127.10742424556996,332237.3037275624,4128610.95783588,52S
37.28899274367091,127.10742212098468,332237.11664297525,4128611.0246662726,52S
37.28899331200847,127.10741999639937,332236.92955838866,4128611.0914966655,52S
37.28899388034607,127.10741787181401,332236.7424738003,4128611.158327067,52S
37.28899444868365,127.10741574722877,332236.55538922607,4128611.2251574714,52S
37.288995017021236,127.1074136226434,332236.3683046433,4128611.2919878797,52S
37.28899558535882,127.1074114980581,332236.18122006784,4128611.358818292,52S
37.2889961536964,127.1074093734728,332235.9941354974,4128611.4256487098,52S
37.288996722033964,127.10740724888753,332235.80705092975,4128611.4924791283,52S
37.28899729037153,127.10740512430219,332235.6199663604,4128611.559309553,52S
37.28899785870912,127.10740299971687,332235.43288179615,4128611.626139984,52S
37.28899842704669,127.10740087513156,332235.2457972346,4128611.6929704156,52S
37.28899899538428,127.10739875054628,332235.05871267815,4128611.7598008555,52S
37.28899956372187,127.10739662596096,332234.8716281223,4128611.8266312997,52S
37.28900013205945,127.10739450137562,332234.6845435669,4128611.893461745,52S
37.28900070039704,127.10739237679032,332234.4974590166,4128611.9602921973,52S
37.2890012687346,127.10739025220501,332234.31037446903,4128612.027122651,52S
37.28900183707219,127.10738812761974,332234.12328992883,4128612.093953112,52S
37.28900240540977,127.1073860030344,332233.93620538455,4128612.160783575,52S
37.28900297374735,127.10738387844908,332233.74912084546,4128612.2276140437,52S
37.28900354208493,127.10738175386378,332233.56203630904,4128612.294444515,52S
37.28900411042251,127.1073796292785,332233.37495177775,4128612.361274992,52S
37.28900467876009,127.10737750469313,332233.18786724244,4128612.4281054744,52S
37.28900524709768,127.10737538010783,332233.0007827144,4128612.49493596,52S
37.28900581543526,127.1073732555225,332232.8136981892,4128612.5617664484,52S
37.289006383772815,127.10737113093722,332232.6266136691,4128612.628596941,52S
37.2890069521104,127.1073690063519,332232.43952914944,4128612.695427439,52S
37.28900752044799,127.1073668817666,332232.2524446326,4128612.762257942,52S
37.289008088785586,127.10736475718129,332232.06536011863,4128612.829088452,52S
37.28900865712315,127.10736263259595,332231.87827560504,4128612.895918961,52S
37.28900922546073,127.10736050801066,332231.6911910989,4128612.962749476,52S
37.289009793798314,127.10735838342538,332231.50410659553,4128613.0295799957,52S
37.2890103621359,127.10735625884004,332231.31702209037,4128613.096410521,52S
37.289010930473474,127.10735413425472,332231.1299375903,4128613.163241048,52S
37.289011498811035,127.10735200966938,332230.9428530907,4128613.2300715786,52S
37.289012067148626,127.10734988508408,332230.75576859625,4128613.2969021164,52S
37.289012635486216,127.10734776049877,332230.56868410454,4128613.363732659,52S
37.289013203823785,127.10734563591348,332230.3815996179,4128613.4305632017,52S
37.289013772161375,127.10734351132817,332230.19451513176,4128613.497393753,52S
37.28901466188697,127.10733855076369,332229.75673172844,4128613.604917175,52S
37.289015215024214,127.10733644301556,332229.5711061202,4128613.670031305,52S
37.28901576816146,127.10733433526748,332229.38548052136,4128613.7351454375,52S
37.28901632129873,127.10733222751936,332229.1998549208,4128613.800259579,52S
37.28901687443599,127.10733011977128,332229.0142293251,4128613.8653737213,52S
37.28901742757322,127.10732801202316,332228.82860372984,4128613.9304878665,52S
37.289017980710476,127.10732590427507,332228.6429781396,4128613.9956020173,52S
37.289018533847724,127.10732379652693,332228.4573525475,4128614.060716172,52S
37.28901908698499,127.10732168877884,332228.27172696264,4128614.1258303327,52S
37.28901964012225,127.10731958103077,332228.08610138274,4128614.190944497,52S
37.28902019325949,127.10731747328262,332227.9004757987,4128614.256058665,52S
37.289020746396744,127.10731536553456,332227.71485022415,4128614.3211728376,52S
37.28902129953401,127.10731325778647,332227.5292246501,4128614.386287015,52S
37.28902185267126,127.10731115003836,332227.3435990764,4128614.4514011955,52S
37.28902240580852,127.10730904229021,332227.1579735032,4128614.516515381,52S
37.28902295894576,127.10730693454217,332226.9723479416,4128614.581629568,52S
37.28902351208301,127.107304826794,332226.7867223716,4128614.646743761,52S
37.28902406522028,127.10730271904596,332226.6010968155,4128614.71185796,52S
37.28902461835753,127.10730061129784,332226.4154712553,4128614.7769721616,52S
37.28902517149477,127.10729850354976,332226.2298457001,4128614.8420863654,52S
37.28902572463203,127.10729639580164,332226.0442201452,4128614.907200578,52S
37.28902627776928,127.10729428805354,332225.85859459534,4128614.9723147918,52S
37.289026830906536,127.10729218030542,332225.67296904593,4128615.0374290096,52S
37.28902738404379,127.10729007255729,332225.487343497,4128615.102543233,52S
37.28902793718103,127.10728796480925,332225.3017179597,4128615.167657459,52S
37.2890284903183,127.10728585706107,332225.1160924139,4128615.2327716914,52S
37.289029043455535,127.10728374931298,332224.9304668774,4128615.297885925,52S
37.2890295965928,127.10728164156492,332224.74484134605,4128615.363000166,52S
37.28903014973006,127.10727953381678,332224.55921581056,4128615.42811441,52S
37.2890307028673,127.1072774260687,332224.37359028443,4128615.4932286576,52S
37.28903125600457,127.10727531832057,332224.1879647544,4128615.558342911,52S
37.289031809141825,127.1072732105725,332224.00233923376,4128615.6234571687,52S
37.289032362279066,127.10727110282436,332223.8167137089,4128615.688571428,52S
37.28903291541633,127.10726899507627,332223.63108819147,4128615.7536856937,52S
37.289033468553576,127.10726688732821,332223.4454626789,4128615.8187999623,52S
37.28903402169084,127.10726477958006,332223.2598371622,4128615.8839142374,52S
37.289034574828094,127.10726267183199,332223.07421165507,4128615.949028514,52S
37.28903512796534,127.10726056408386,332222.88858614373,4128616.0141427955,52S
37.2890356811026,127.10725845633581,332222.70296064427,4128616.0792570813,52S
37.28903623423984,127.10725634858764,332222.51733513613,4128616.1443713703,52S
37.2890367873771,127.10725424083955,332222.3317096374,4128616.209485666,52S
37.289037340514355,127.10725213309149,332222.1460841438,4128616.2745999647,52S
37.28903789365162,127.10725002534335,332221.960458646,4128616.3397142696,52S
37.28903844678886,127.10724791759527,332221.7748331576,4128616.4048285745,52S
37.289038999926106,127.10724580984714,332221.5892076652,4128616.4699428864,52S
37.28903955306337,127.1072437020991,332221.4035821846,4128616.5350572024,52S
37.28904010620062,127.10724159435098,332221.21795669984,4128616.6001715222,52S
37.289040659337864,127.10723948660284,332221.03233121545,4128616.665285844,52S
37.28904121247512,127.10723737885478,332220.84670574067,4128616.7304001735,52S
37.28904176561239,127.10723527110663,332220.6610802617,4128616.7955145068,52S
37.28904231874963,127.10723316335856,332220.4754547922,4128616.8606288424,52S
37.289042871886885,127.10723105561043,332220.2898293187,4128616.9257431827,52S
37.289043896653865,127.10722612181466,332219.85471926123,4128617.04820313,52S
37.2890444841582,127.1072240239981,332219.6700505862,4128617.1171130524,52S
37.289045071662514,127.10722192618148,332219.4853819095,4128617.18602298,52S
37.28904565916684,127.1072198283649,332219.3007132401,4128617.2549329116,52S
37.289046246671155,127.10721773054829,332219.11604456906,4128617.3238428463,52S
37.28904683417547,127.10721563273178,332218.93137590995,4128617.3927527852,52S
37.28904742167978,127.10721353491513,332218.7467072424,4128617.461662727,52S
37.289048009184114,127.10721143709854,332218.56203858217,4128617.530572676,52S
37.28904859668843,127.107209339282,332218.37736992934,4128617.5994826276,52S
37.28904918419275,127.10720724146533,332218.19270126807,4128617.6683925837,52S
37.289049771697066,127.10720514364884,332218.0080326255,4128617.7373025436,52S
37.28905035920138,127.10720304583224,332217.82336397667,4128617.8062125077,52S
37.28905094670572,127.10720094801562,332217.6386953285,4128617.875122478,52S
37.28905153421003,127.10719885019908,332217.45402668987,4128617.9440324507,52S
37.28905212171435,127.10719675238249,332217.2693580497,4128618.012942427,52S
37.28905270921865,127.10719465456592,332217.08468941454,4128618.081852406,52S
37.28905329672297,127.10719255674933,332216.90002078,4128618.1507623917,52S
37.28905388422729,127.10719045893276,332216.7153521506,4128618.219672382,52S
37.289054471731625,127.10718836111617,332216.53068352176,4128618.2885823767,52S
37.289055059235935,127.10718626329955,332216.34601489356,4128618.357492373,52S
37.28905564674026,127.107184165483,332216.161346275,4128618.426402376,52S
37.28905623424458,127.10718206766641,332215.9766776548,4128618.4953123825,52S
37.2890568217489,127.10717996984984,332215.79200903955,4128618.5642223926,52S
37.28905740925321,127.1071778720332,332215.6073404205,4128618.6331324056,52S
37.28905799675753,127.10717577421666,332215.4226718133,4128618.702042425,52S
37.28905858426185,127.1071736764001,332215.2380032067,4128618.7709524473,52S
37.28905917176617,127.1071715785835,332215.05333460064,4128618.8398624747,52S
37.289059759270486,127.1071694807669,332214.8686659976,4128618.908772506,52S
37.289060346774825,127.10716738295034,332214.68399739964,4128618.9776825435,52S
37.28906093427913,127.10716528513375,332214.4993288021,4128619.046592581,52S
37.289061521783445,127.10716318731716,332214.31466020754,4128619.1155026252,52S
37.28906210928778,127.10716108950058,332214.1299916181,4128619.1844126736,52S
37.289062696792094,127.10715899168399,332213.9453230292,4128619.2533227256,52S
37.28906328429642,127.1071568938674,332213.7606544432,4128619.322232783,52S
37.28906387180073,127.10715479605082,332213.5759858623,4128619.3911428424,52S
37.28906445930505,127.10715269823423,332213.391317282,4128619.460052907,52S
37.28906504680937,127.1071506004177,332213.206648709,4128619.528962976,52S
37.289065634313694,127.10714850260108,332213.0219801322,4128619.59787305,52S
37.28906622181801,127.1071464047845,332212.8373115627,4128619.666783126,52S
37.28906680932232,127.10714430696794,332212.652642996,4128619.7356932065,52S
37.289067396826646,127.10714220915132,332212.46797442774,4128619.804603293,52S
37.28906798433096,127.10714011133476,332212.2833058668,4128619.8735133833,52S
37.289068571835294,127.10713801351815,332212.0986373065,4128619.942423478,52S
37.2890691593396,127.10713591570162,332211.9139687534,4128620.011333574,52S
37.289069746843936,127.107133817885,332211.72930019663,4128620.0802436788,52S
37.28907033434825,127.10713172006841,332211.54463164485,4128620.149153785,52S
37.28907092185256,127.10712962225182,332211.35996309586,4128620.2180638947,52S
37.289071509356894,127.10712752443524,332211.1752945521,4128620.28697401,52S
37.289072096861204,127.10712542661865,332210.9906260089,4128620.3558841296,52S
37.289072684365514,127.10712332880206,332210.80595746846,4128620.424794251,52S
37.28907327186983,127.10712123098554,332210.62128893775,4128620.4937043786,52S
37.28907385937416,127.1071191331689,332210.4366203986,4128620.5626145108,52S
37.28907444687848,127.10711703535236,332210.25195187127,4128620.631524646,52S
37.289075034382805,127.10711493753575,332210.06728334236,4128620.7004347863,52S
37.289075621887115,127.10711283971915,332209.882614814,4128620.76934493,52S
37.28907620939144,127.1071107419026,332209.69794629526,4128620.8382550785,52S
37.28907702864481,127.10710806150117,332209.462145849,4128620.933913027,52S
37.2890783280948,127.10710367650964,332209.0762984555,4128621.085876843,52S
37.28907893229763,127.10710162185762,332208.89549362916,4128621.156563173,52S
37.289079536500445,127.10709956720564,332208.71468880796,4128621.227249506,52S
37.28908014070327,127.10709751255362,332208.5338839874,4128621.297935843,52S
37.289080744906094,127.10709545790164,332208.35307917197,4128621.3686221866,52S
37.289081349108926,127.10709340324962,332208.1722743572,4128621.4393085325,52S
37.28908195331174,127.1070913485976,332207.99146954523,4128621.5099948817,52S
37.28908255751456,127.10708929394562,332207.8106647384,4128621.5806812346,52S
37.2890831617174,127.1070872392936,332207.62985993223,4128621.6513675945,52S
37.28908376592022,127.10708518464156,332207.4490551267,4128621.722053956,52S
37.28908437012303,127.10708312998958,332207.2682503285,4128621.7927403203,52S
37.289084974325846,127.10708107533756,332207.0874455309,4128621.8634266895,52S
37.28908557852868,127.10707902068557,332206.9066407385,4128621.934113064,52S
37.28908618273151,127.1070769660335,332206.72583594226,4128622.004799443,52S
37.28908678693432,127.1070749113815,332206.54503115336,4128622.075485823,52S
37.28908739113716,127.1070728567295,332206.36422636954,4128622.1461722115,52S
37.28908799533997,127.10707080207744,332206.18342158187,4128622.2168586003,52S
37.289088599542794,127.1070687474255,332206.00261680834,4128622.287544993,52S
37.28908920374561,127.10706669277349,332205.821812031,4128622.3582313918,52S
37.28908980794845,127.1070646381215,332205.6410072587,4128622.428917795,52S
37.28909041215129,127.10706258346949,332205.46020248707,4128622.499604202,52S
37.2890910163541,127.10706052881746,332205.27939771605,4128622.5702906116,52S
37.28909162055692,127.10705847416548,332205.09859295463,4128622.640977025,52S
37.289092224759735,127.10705641951346,332204.9177881893,4128622.7116634417,52S
37.289092828962566,127.10705436486144,332204.73698342923,4128622.782349865,52S
37.2890934331654,127.10705231020945,332204.5561786743,4128622.853036291,52S
37.2890940373682,127.10705025555744,332204.37537391984,4128622.9237227202,52S
37.28909527888075,127.10704608903528,332204.00876552437,4128623.068870533,52S
37.28909591619047,127.10704412281125,332203.83587356476,4128623.143073381,52S
37.28909655350019,127.10704215658735,332203.66298162163,4128623.2172762332,52S
37.28909719080992,127.10704019036343,332203.49008967914,4128623.29147909,52S
37.289097828119615,127.10703822413949,332203.3171977373,4128623.3656819486,52S
37.28909846542934,127.10703625791555,332203.14430579834,4128623.439884812,52S
37.28909910273906,127.1070342916916,332202.9714138624,4128623.5140876793,52S
37.289099740048776,127.10703232546766,332202.79852192925,4128623.5882905503,52S
37.2891003773585,127.1070303592437,332202.6256299968,4128623.6624934254,52S
37.28910101466821,127.10702839301976,332202.4527380695,4128623.7366963034,52S
37.28910165197792,127.10702642679578,332202.27984614286,4128623.810899185,52S
37.28910228928766,127.10702446057186,332202.10695422377,4128623.8851020727,52S
37.28910292659737,127.1070224943479,332201.9340623029,4128623.9593049604,52S
37.28910356390709,127.1070199455391,332201.7095236245,4128624.0345419995,52S
37.289104027405024,127.10701761519957,332201.5039663253,4128624.090105964,52S
37.289104375028494,127.10701543050634,332201.31106328533,4128624.1325545553,52S
37.289104606777464,127.10701353710543,332201.1437261811,4128624.1616292284,52S
37.28910507027539,127.10701106111978,332200.92525720375,4128624.2174517442,52S
37.28910553377334,127.1070081481954,332200.668053154,4128624.2740498837,52S
37.28910669251819,127.10700523527102,332200.4123937465,4128624.4077891,52S
37.289107851263,127.10700101153074,332200.04052914295,4128624.5438551717,52S
37.289108198886424,127.10699824425255,332199.79597935255,4128624.587337949,52S
37.28910831476091,127.10699547697439,332199.5509146834,4128624.605107046,52S
37.28910854650987,127.10699300098867,332199.3319308378,4128624.6352159157,52S
37.2891084306354,127.10699096194163,332199.15090973827,4128624.625978635,52S
37.2891084306354,127.10698892289462,332198.9701460827,4128624.629598203,52S
37.2891084306354,127.10698630126265,332198.73773566063,4128624.6342519387,52S
37.2891084306354,127.1069842622156,332198.55697200267,4128624.6378715145,52S
37.28910854650987,127.10698120364502,332198.28608395695,4128624.6561577306,52S
37.2891084306354,127.10697785378196,332197.9888576408,4128624.6492473516,52S
37.28910808301196,127.10697508650384,332197.74276320153,4128624.615589122,52S
37.2891084306354,127.10697217357941,332197.4853017287,4128624.6593305124,52S
37.28910831476091,127.10697392133405,332197.6399845659,4128624.6433711513,52S
37.28910854650987,127.10697639731981,332197.85999818885,4128624.6646896186,52S
37.28910831476091,127.1069699888862,332197.29136894154,4128624.650351812,52S
37.289108198886424,127.10696780419285,332197.097436138,4128624.641373119,52S
37.289108198886424,127.10696591079206,332196.92958417186,4128624.644734187,52S
37.28910808301196,127.10696358045261,332196.7227396903,4128624.6360140466,52S
37.28910796713747,127.1069613957593,332196.52880688955,4128624.627035366,52S
37.289107503639556,127.10695906541983,332196.32119006466,4128624.579744701,52S
37.28910715601611,127.10695673508036,332196.1138306841,4128624.5453108842,52S
37.28910669251819,127.1069548416795,332195.94494892017,4128624.4972445923,52S
37.28910611314576,127.10695294827863,332195.77580970677,4128624.436321458,52S
37.28910541789885,127.10695105487778,332195.6064130453,4128624.362541479,52S
37.289104375028494,127.10694916147695,332195.43624403724,4128624.25019097,52S
37.28910333215811,127.10694668549128,332195.21442826546,4128624.1388746463,52S
37.289103795656054,127.106947850661,332195.3187515824,4128624.1882336573,52S
37.289102636911174,127.1069453746753,332195.09667835664,4128624.0640604915,52S
37.289102173413234,127.10694420950557,332194.99235503445,4128624.014701482,52S
37.289101362291795,127.10694260739717,332194.84852429177,4128623.927547576,52S
37.28910078291933,127.10694115093494,332194.71812013135,4128623.865848815,52S
37.289099740048904,127.10693998576521,332194.61250955873,4128623.7522055786,52S
37.289098928927444,127.10693823801056,332194.45576711296,4128623.665310224,52S
37.289097886056986,127.10693532508625,332194.19521623675,4128623.5547695616,52S
37.289098233680484,127.10693663590219,332194.31219381024,4128623.59101317,52S
37.28909707493552,127.10693401427028,332194.0772088602,4128623.4670985686,52S
37.28909603206501,127.10693241216184,332193.93286319333,4128623.3542309743,52S
37.28909510506903,127.10693066440729,332193.77586329123,4128623.254478782,52S
37.2890938304495,127.10692949923745,332193.6697377879,4128623.1151218517,52S
37.289093366951505,127.10692833406773,332193.56541444716,4128623.065762855,52S
37.28909151295943,127.10692731454424,332193.4709133886,4128622.861863138,52S
37.28909023833986,127.10692556678958,332193.3131411095,4128622.723540403,52S
37.28908850022222,127.10692396468117,332193.16725071403,4128622.5335317254,52S
37.28908653035553,127.10692207128038,332192.99502202723,4128622.3183264504,52S
37.289084328739726,127.10692032352576,332192.8351901183,4128622.0771489213,52S
37.28908235887293,127.1069190127098,332192.71460818744,4128621.8609094406,52S
37.289080041382476,127.10691784754005,332192.6061655897,4128621.6058408516,52S
37.28907807151555,127.10691624543162,332192.45976025495,4128621.390118459,52S
37.28907621752311,127.10691493461567,332192.33943575993,4128621.1867358144,52S
37.28907413178154,127.10691391509216,332192.2444197447,4128620.95712236,52S
37.289072161914476,127.10691304121484,332192.1625728719,4128620.740107205,52S
37.28906972854918,127.10691216733751,332192.0796961838,4128620.471664635,52S
37.28906787455653,127.10691085652157,332191.95937166724,4128620.268281972,52S
37.28906520944201,127.1069096913518,332191.8501566665,4128619.974642787,52S
37.28906323957469,127.10690925441315,332191.8070448701,4128619.7568519516,52S
37.28906161733098,127.10690765230476,332191.6614118469,4128619.5797000816,52S
37.289059531589025,127.10690706971988,332191.6051308917,4128619.349310937,52S
37.289063007825604,127.1069080892434,332191.70323638094,4128619.73320666,52S
37.28906381894743,127.1069088174745,332191.7695970435,4128619.8219118672,52S
37.289066020563816,127.10690998264425,332191.8777822343,4128620.0641236473,52S
37.28906648406202,127.10691056522913,332191.9304588358,4128620.1145168524,52S
37.289057909345246,127.10690619584258,332191.52405635174,4128619.1708663045,52S
37.28905524423037,127.1069054676115,332191.4535764224,4128618.87645143,52S
37.28905327436279,127.10690473938044,332191.38464121596,4128618.6591776717,52S
37.28905072512233,127.1069035742106,332191.275683624,4128618.378395294,52S
37.289049102878344,127.10690299162576,332191.22043247,4128618.199433534,52S
37.289046437763155,127.10690197210224,332191.1241291234,4128617.905535734,52S
37.2890442361462,127.1069003699939,332190.9772087878,4128617.664099557,52S
37.28904226627834,127.10689993305522,332190.9340969578,4128617.4463086645,52S
37.28904052815959,127.10689891353164,332190.8398532256,4128617.2552656904,52S
37.28903821066786,127.1068976027157,332190.7184988173,4128617.000455536,52S
37.28903612492525,127.10689658319218,332190.6234827156,4128616.7708419836,52S
37.2890334598096,127.10689585496108,332190.5530027386,4128616.4764270307,52S
37.28903137406686,127.10689498108378,332190.47089833097,4128616.2465549116,52S
37.289029172449446,127.10689439849888,332190.4143598679,4128616.00330882,52S
37.28902720258119,127.10689381591402,332190.35833631456,4128615.7857764405,52S
37.28902529055215,127.10689295020553,332190.2773420353,4128615.5751642142,52S
37.289023939531745,127.10689203582379,332190.193279287,4128615.4268850647,52S
37.28902227673738,127.10689099081617,332190.0969436867,4128615.2442449513,52S
37.28902040609366,127.10688955393064,332189.9654058454,4128615.0392385963,52S
37.28901936684712,127.10688890080084,332189.9051960865,4128614.925088519,52S
37.28901708050471,127.10688811704506,332189.83063532406,4128614.672798898,52S
37.28901572948416,127.1068878557932,332189.8044732802,4128614.5233602887,52S
37.289014170614266,127.10688707203744,332189.73152884707,4128614.35178733,52S
37.28901219604568,127.10688641890764,332189.66924093437,4128614.1338586626,52S
37.28901074110038,127.10688576577783,332189.6081075447,4128613.9735847604,52S
37.28900939007972,127.10688485139617,332189.52404477657,4128613.825305591,52S
37.28900762336035,127.10688393701443,332189.43905837706,4128613.6309026005,52S
37.28900575271627,127.10688341451062,332189.3885815048,4128613.4242729815,52S
37.289003882072144,127.10688328388468,332189.3728450632,4128613.2169476864,52S
37.28900118003057,127.10688276138085,332189.32052094076,4128612.9180704164,52S
37.28899930938632,127.1068831532587,332189.3511050758,4128612.709817545,52S
37.28899650341987,127.1068831532587,332189.3448706272,4128612.3984817364,52S
37.28899380137803,127.1068831532587,332189.3388670843,4128612.0986768752,52S
37.28899213858298,127.1068831532587,332189.33517259645,4128611.914181569,52S
37.28899006008912,127.1068831532587,332189.3305544867,4128611.683562431,52S
37.28898808551991,127.10688289200681,332189.3030069899,4128611.4649380273,52S
37.28898527955305,127.10688289200681,332189.2967725411,4128611.1536021726,52S
37.28898299320961,127.10688289200681,332189.2916926201,4128610.899921099,52S
37.28898164218844,127.1068831532587,332189.31185114325,4128610.7495548613,52S
37.28897997939311,127.1068831532587,332189.30815665575,4128610.5650595236,52S
37.28897862837191,127.10688354513658,332189.3398953293,4128610.4144613906,52S
37.288976757727134,127.10688406764042,332189.38205962663,4128610.205976571,52S
37.288975406705845,127.1068843288923,332189.40221815155,4128610.0556103205,52S
37.28897353606096,127.10688511264807,332189.46754275204,4128609.846661709,52S
37.288972081114906,127.10688589640382,332189.53379097424,4128609.683836933,52S
37.28897083401826,127.10688602702982,332189.54260026524,4128609.5452335235,52S
37.288969171222725,127.10688668015956,332189.59680652904,4128609.359578714,52S
37.28896782020131,127.1068872026634,332189.64012536407,4128609.2087486694,52S
37.28896511815842,127.106888378297,332189.7383431856,4128608.9068566845,52S
37.28896418283586,127.1068890314268,332189.79416579596,4128608.8019185886,52S
37.28896262396489,127.10688942330468,332189.82544267725,4128608.6282585035,52S
37.28896148079284,127.10689033768637,332189.90396378015,4128608.499794703,52S
37.28896605348098,127.10688759454128,332189.6709404305,4128609.012026673,52S
37.28895909052394,127.1068908601902,332189.9449735811,4128608.233655029,52S
37.28896709576253,127.10688659911428,332189.585010407,4128609.1294400487,52S
37.288965712397555,127.1068871457167,332189.6303937493,4128608.974978548,52S
37.28896483625281,127.10688724583042,332189.6373222935,4128608.877588247,52S
37.28896403975757,127.10688764628547,332189.6710534299,4128608.788502278,52S
37.288963402561386,127.10688804674054,332189.70513850736,4128608.7170913247,52S
37.288962606066136,127.10688834708179,332189.7299944359,4128608.6281830803,52S
37.2889618892204,127.1068887475368,332189.7639025412,4128608.5479346174,52S
37.28896061482797,127.10688944833312,332189.8231974887,4128608.405290429,52S
37.28896029622985,127.10688964856064,332189.84024002776,4128608.36958495,52S
37.28895926078598,127.10689024924318,332189.89119067474,4128608.253631006,52S
37.28895846429068,127.1068908499257,332189.9426722295,4128608.164189586,52S
37.28895758814587,127.10689135049454,332189.98510161357,4128608.066088383,52S
37.28895703059915,127.10689185106334,332190.0282388711,4128608.0033372086,52S
37.28895615445429,127.10689235163213,332190.07066825475,4128607.905236,52S
37.2889554376085,127.10689285220089,332190.11345157214,4128607.8248098106,52S
37.28895480041223,127.10689325265598,332190.1475366599,4128607.7533988496,52S
37.288954242865486,127.1068935529972,332190.1729234997,4128607.691003121,52S
37.288953605669214,127.10689395345229,332190.2070085886,4128607.6195921614,52S
37.288952968472934,127.10689425379353,332190.23221846094,4128607.5483589233,52S
37.28895257022525,127.10689465424856,332190.2668344517,4128607.503460486,52S
37.28895201267851,127.10689525493112,332190.31884692266,4128607.440531587,52S
37.28895145513174,127.10689605584118,332190.38860980887,4128607.377247241,52S
37.28895081793543,127.10689695686501,332190.4670709386,4128607.304947661,52S
37.28894994179051,127.10689765766134,332190.52725074836,4128607.206491003,52S
37.28894922494467,127.10689875891266,332190.6232853279,4128607.1249984717,52S
37.28894850809881,127.1068993595952,332190.67494386574,4128607.0443945546,52S
37.288947791252944,127.10690046084656,332190.77097845083,4128606.962902022,52S
37.28894667615935,127.10690146198411,332190.8572529856,4128606.8373996653,52S
37.28894635756119,127.10690216278043,332190.91867157724,4128606.800805571,52S
37.288945800014375,127.10690266334923,332190.9618088484,4128606.7380543915,52S
37.28894532211712,127.10690356437307,332191.04062392435,4128606.683429833,52S
37.28894452562168,127.1069046656244,332191.1364815473,4128606.593099792,52S
37.28894396807486,127.10690536642072,332191.19736923976,4128606.529993169,52S
37.288943649476685,127.10690576687576,332191.23216220725,4128606.493932242,52S
37.28894325122896,127.10690636755832,332191.2845286264,4128606.4486783603,52S
37.288942773331684,127.10690696824084,332191.3367180744,4128606.39458697,52S
37.288942454733494,127.10690746880962,332191.3803862524,4128606.3583483202,52S
37.28894205648576,127.10690836983346,332191.4593783016,4128606.312561274,52S
37.28894149893892,127.10690907062978,332191.52026599844,4128606.24945465,52S
37.288941180340736,127.1069098715399,332191.59055980894,4128606.212682837,52S
37.28894070244343,127.10691037210869,332191.63387405523,4128606.158769167,52S
37.288939985597494,127.10691217415625,332191.7920351162,4128606.0760325873,52S
37.2889396669993,127.10691247449758,332191.81795288285,4128606.0401493814,52S
37.2889388705038,127.10691337552142,332191.89606010413,4128605.9501747866,52S
37.28894022454614,127.10691117301872,332191.70381392655,4128606.104322333,52S
37.28894014489661,127.10691147335993,332191.730262582,4128606.09495166,52S
37.28893807400829,127.10691417643147,332191.96529211494,4128605.860377914,52S
37.28893751646144,127.10691487722778,332192.0261798189,4128605.7972712936,52S
37.288937277512765,127.1069156781379,332192.0966506017,4128605.7693369896,52S
37.28893664031635,127.10691687950296,332192.2017373869,4128605.6965042525,52S
37.288936003119915,127.10691798075425,332192.2979489614,4128605.623849236,52S
37.288935684521704,127.10691888177811,332192.3771179905,4128605.5868997043,52S
37.28893520662437,127.10691968268821,332192.447057878,4128605.532452873,52S
37.28893496767572,127.1069203834845,332192.5086534496,4128605.504696297,52S
37.288934330479265,127.10692138462205,332192.5959898208,4128605.432219003,52S
37.28893385258194,127.10692238575966,332192.68368012947,4128605.3774167327,52S
37.28893313573594,127.10692378735229,332192.8063403842,4128605.295391048,52S
37.28893273748816,127.10692498871738,332192.91195808,4128605.249070848,52S
37.288932657838586,127.10692578962747,332192.9827827987,4128605.2388115725,52S
37.28893202064214,127.1069268908788,332193.07899438957,4128605.166156564,52S
37.28893146309523,127.10692879304018,332193.24638463027,4128605.100917303,52S
37.288930905548334,127.10693009451909,332193.36052361585,4128605.0367443673,52S
37.28893074624919,127.10693089542914,332193.43117136945,4128605.0176475835,52S
37.28893042765097,127.10693199668046,332193.5280908237,4128604.980342623,52S
37.28892987010405,127.10693369861433,332193.67773064954,4128604.9154588105,52S
37.28892963115537,127.10693409906942,332193.7127006034,4128604.888235399,52S
37.28892931255713,127.10693500009326,332193.79186964297,4128604.851285879,52S
37.28892907360844,127.10693620145835,332193.8978412782,4128604.8226407114,52S
37.28892899395887,127.10693660191339,332193.93316515745,4128604.813092321,52S
37.28892994975361,127.10693259736304,332193.58028030174,4128604.9262512377,52S
37.28892851606152,127.10693810361975,332194.0652315337,4128604.7574014664,52S
37.28892827711282,127.10693930498483,332194.1712031686,4128604.7287563016,52S
37.28892867536064,127.10693740282343,332194.00345898536,4128604.776320523,52S
37.288927958514584,127.10694030612242,332194.2592474225,4128604.691629067,52S
37.288927480617204,127.10694170771507,332194.3824385936,4128604.636115933,52S
37.28892692307027,127.10694320942144,332194.5143280114,4128604.5715875723,52S
37.28892648424623,127.10694480735768,332194.65501210664,4128604.5200612796,52S
37.28892573283526,127.1069470740843,332194.8542908168,4128604.432664717,52S
37.28892573283526,127.1069482074476,332194.9547649061,4128604.4306528117,52S
37.28892453057768,127.10695047417413,332195.153041934,4128604.2932326016,52S
37.28892468085987,127.10694990749253,332195.103138787,4128604.3109131036,52S
37.28892588311745,127.1069461296149,332194.77089630434,4128604.451015854,52S
37.28892528198867,127.10694915191696,332195.03749162855,4128604.378952574,52S
37.28892392944888,127.10695179643139,332195.2689261431,4128604.2241871813,52S
37.28892377916665,127.10695311868855,332195.3858120218,4128604.2051654113,52S
37.288923628884476,127.106954063158,332195.46920654224,4128604.186814281,52S
37.288923478602285,127.10695481873353,332195.53585537686,4128604.1687984667,52S
37.28892287747345,127.10695595209681,332195.6349938998,4128604.100088365,52S
37.28892167521583,127.10695916329287,332195.91699936986,4128603.9609915907,52S
37.28892212606244,127.10695821882342,332195.8342726291,4128604.01269182,52S
37.288922576909044,127.10695727435402,332195.75154589384,4128604.0643920507,52S
37.288921524933606,127.10696067444393,332196.0506309353,4128603.941634514,52S
37.28892033770416,127.10696358340974,332196.30587671057,4128603.804741708,52S
37.28891975160354,127.10696554790616,332196.47872964107,4128603.7362236856,52S
37.288919165502904,127.10696751240252,332196.6515825697,4128603.6677056653,52S
37.28891857940228,127.10696947689894,332196.82443550555,4128603.59918765,52S
37.28891799330164,127.1069714413953,332196.9972884395,4128603.5306696366,52S
37.28891740720101,127.10697340589172,332197.17014138063,4128603.4621516285,52S
37.28891682110038,127.10697537038808,332197.34299432,4128603.393633623,52S
37.288916234999746,127.1069773348845,332197.51584726654,4128603.325115621,52S
37.28891564889914,127.10697929938087,332197.6887002112,4128603.256597627,52S
37.288915663927376,127.10698201945281,332197.9298714452,4128603.253436595,52S
37.288915363362946,127.1069844750733,332198.1468975595,4128603.2157284464,52S
37.28891521308072,127.10698693069381,332198.3642575616,4128603.1946948525,52S
37.288915663927376,127.10698844184488,332198.499224689,4128603.2420360264,52S
37.288915663927376,127.10699033078373,332198.6666815266,4128603.2386829257,52S
37.28891611477402,127.10699240861643,332198.85188570083,4128603.2850181744,52S
37.288916866185104,127.10699467534306,332199.05450332793,4128603.364367223,52S
37.28891731703175,127.10699656428189,332199.2229618139,4128603.4110377897,52S
37.28891836900725,127.10699788653908,332199.34251878667,4128603.5254124897,52S
37.288919571264934,127.10699958658402,332199.4959010051,4128603.6557911276,52S
37.28891987182934,127.1069997754779,332199.5133144554,4128603.6888049208,52S
37.28892092380479,127.10700109773512,332199.63287142257,4128603.8031796208,52S
37.288921825498036,127.10700185331063,332199.70185745263,4128603.901885696,52S
37.288923027755665,127.1070022310984,332199.7380198848,4128604.034611485,52S
37.28892423001327,127.1070033644617,332199.84116504365,4128604.165996044,52S
37.288925131706456,127.10700393114338,332199.8934053895,4128604.2650374207,52S
37.288926183681845,127.10700430893114,332199.92923393426,4128604.381088657,52S
37.288928287632565,127.10700600897609,332200.08461942547,4128604.611514587,52S
37.28892918932571,127.10700657565778,332200.1368597682,4128604.710555961,52S
37.28892723565722,127.10700563118833,332200.04879088374,4128604.4954633545,52S
37.288931751278064,127.107009133221,332200.36928286415,4128604.9902772447,52S
37.288933411537265,127.10700999073923,332200.4489915328,4128605.172968996,52S
37.28893507179649,127.10701084825752,332200.5287002028,4128605.3556607496,52S
37.2889367320557,127.10701170577579,332200.6084088696,4128605.538352503,52S
37.28893839231491,127.10701256329406,332200.6881175331,4128605.7210442573,52S
37.28894005257413,127.10701342081232,332200.76782619115,4128605.9037360135,52S
37.28894171283334,127.1070142783306,332200.84753484826,4128606.086427769,52S
37.288943373092565,127.10701513584885,332200.92724349996,4128606.269119527,52S
37.288945033351766,127.10701599336711,332201.0069521484,4128606.451811282,52S
37.28894669361098,127.10701685088539,332201.08666079585,4128606.6345030405,52S
37.28894835387018,127.10701770840366,332201.1663694401,4128606.8171947966,52S
37.28895001412941,127.10701856592185,332201.2460780722,4128606.9998865584,52S
37.28895167438861,127.10701942344018,332201.3257867145,4128607.1825783174,52S
37.288953334647836,127.10702028095845,332201.40549534914,4128607.365270078,52S
37.28895499490705,127.10702113847672,332201.4852039806,4128607.54796184,52S
37.28895665516625,127.10702199599498,332201.5649126065,4128607.730653601,52S
37.28895831542547,127.10702285351326,332201.6446212314,4128607.9133453635,52S
37.28895997568468,127.10702371103149,332201.72432984866,4128608.096037126,52S
37.288961635943906,127.10702456854976,332201.80403846723,4128608.2787288916,52S
37.28896329620311,127.10702542606805,332201.88374708255,4128608.4614206553,52S
37.288964956462344,127.10702628358632,332201.9634556947,4128608.6441124226,52S
37.28896661672153,127.10702714110461,332202.0431643036,4128608.8268041867,52S
37.288968276980754,127.10702799862283,332202.12287290476,4128609.009495954,52S
37.28896993723996,127.10702885614114,332202.2025815095,4128609.1921877204,52S
37.28897159749918,127.10702971365941,332202.2822901088,4128609.3748794883,52S
37.2889732577584,127.10703057117765,332202.3619987003,4128609.5575712584,52S
37.2889749180176,127.10703142869592,332202.44170729315,4128609.740263026,52S
37.28897657827683,127.10703228621419,332202.52141588286,4128609.9229547987,52S
37.28897823853603,127.10703314373242,332202.6011244647,4128610.105646569,52S
37.28897989879524,127.10703400125072,332202.68083305017,4128610.28833834,52S
37.28898155905447,127.10703485876898,332202.7605416279,4128610.4710301138,52S
37.28898321931366,127.10703571628726,332202.84025020455,4128610.6537218834,52S
37.288984879572865,127.10703657380552,332202.9199587759,4128610.836413656,52S
37.288986539832095,127.10703743132379,332202.99966734624,4128611.0191054326,52S
37.2889882000913,127.10703828884202,332203.0793759089,4128611.201797207,52S
37.288989860350526,127.10703914636031,332203.1590844728,4128611.384488984,52S
37.288991520609734,127.10704000387858,332203.23879303347,4128611.5671807593,52S
37.28899318086894,127.10704086139683,332203.3185015887,4128611.749872536,52S
37.288994841128165,127.10704171891511,332203.398210143,4128611.9325643145,52S
37.28899650138739,127.10704257643341,332203.4779186963,4128612.1152560934,52S
37.288998161646596,127.10704343395165,332203.5576272397,4128612.297947872,52S
37.288999821905804,127.10704429146985,332203.6373357775,4128612.480639652,52S
37.289001482165006,127.10704514898818,332203.71704432345,4128612.6633314304,52S
37.28900314242423,127.10704600650641,332203.7967528571,4128612.8460232136,52S
37.28900480268344,127.10704686402474,332203.8764613966,4128613.0287149944,52S
37.289006462942666,127.10704772154298,332203.9561699261,4128613.211406779,52S
37.28900812320187,127.10704857906128,332204.0358784569,4128613.3940985603,52S
37.28900978346109,127.10704943657952,332204.11558697774,4128613.5767903454,52S
37.28901144372029,127.1070502940978,332204.19529549987,4128613.759482129,52S
37.289013103979514,127.107051151616,332204.27500401204,4128613.942173915,52S
37.28901476423873,127.10705200913432,332204.35471253225,4128614.1248657014,52S
37.289016424497945,127.10705286665255,332204.43442104023,4128614.307557488,52S
37.28901808475713,127.10705372417084,332204.51412954944,4128614.4902492715,52S
37.28901974501637,127.10705458168911,332204.5938380555,4128614.6729410635,52S
37.289021405275584,127.10705543920739,332204.6735465584,4128614.8556328514,52S
37.2890230655348,127.10705629672564,332204.7532550558,4128615.0383246425,52S
37.289024725794,127.10705715424392,332204.8329635522,4128615.22101643,52S
37.28902638605323,127.10705801176215,332204.91267204087,4128615.4037082233,52S
37.289028046312424,127.10705886928044,332204.9923805308,4128615.586400012,52S
37.28902970657165,127.10705972679871,332205.0720890176,4128615.769091805,52S
37.289031366830855,127.10706058431698,332205.15179750114,4128615.951783598,52S
37.28903302709006,127.10706144183524,332205.23150597926,4128616.1344753914,52S
37.28903370823933,127.10706492669576,332205.54195609206,4128616.2038664306,52S
37.28903302969331,127.10706698735636,332205.7231285095,4128616.124920624,52S
37.2890323511473,127.10706904801692,332205.9043009258,4128616.0459748204,52S
37.28903167260128,127.10707110867745,332206.0854733407,4128615.9670290197,52S
37.28903099405528,127.10707316933798,332206.26664576115,4128615.8880832265,52S
37.289030315509265,127.10707522999854,332206.4478181871,4128615.8091374342,52S
37.28902963696326,127.1070772906591,332206.6289906163,4128615.7301916485,52S
37.28902895841725,127.10707935131965,332206.8101630466,4128615.651245865,52S
37.28902827987123,127.10708141198022,332206.99133548234,4128615.5723000844,52S
37.289027601325216,127.10708347264078,332207.17250792123,4128615.4933543103,52S
37.2890269227792,127.10708553330132,332207.3536803612,4128615.414408538,52S
37.2890262442332,127.10708759396186,332207.53485280444,4128615.335462773,52S
37.28902556568718,127.10708965462246,332207.7160252554,4128615.25651701,52S
37.28902488714119,127.10709171528296,332207.8971977029,4128615.1775712525,52S
37.28902420859516,127.10709377594353,332208.0783701581,4128615.098625495,52S
37.28902353004916,127.10709583660405,332208.25954261207,4128615.0196797457,52S
37.28902285150314,127.10709789726461,332208.44071507384,4128614.940733999,52S
37.289022172957125,127.10709995792517,332208.6218875387,4128614.8617882547,52S
37.289021494411124,127.10710201858573,332208.803060007,4128614.7828425183,52S
37.289020815865115,127.10710407924626,332208.98423247394,4128614.7038967833,52S
37.28902013731909,127.10710613990682,332209.16540494864,4128614.6249510534,52S
37.28901945877307,127.10710820056738,332209.34657742665,4128614.546005325,52S
37.28901878022707,127.10711026122794,332209.52774990787,4128614.4670596025,52S
37.28901810168105,127.10711232188841,332209.7089223833,4128614.3881138843,52S
37.28901742313504,127.10711438254897,332209.89009487105,4128614.30916817,52S
37.28901674458903,127.10711644320959,332210.0712673666,4128614.2302224594,52S
37.28901606604302,127.10711850387015,332210.25243986084,4128614.1512767537,52S
37.28901538749703,127.10712056453072,332210.4336123584,4128614.0723310527,52S
37.28901470895101,127.10712262519122,332210.6147848546,4128613.9933853545,52S
37.289014030405006,127.10712468585179,332210.79595735855,4128613.914439661,52S
37.28901335185899,127.10712674651236,332210.9771298658,4128613.8354939716,52S
37.28901267331296,127.10712880717293,332211.1583023763,4128613.756548283,52S
37.289011600276524,127.10713275677234,332211.50605512515,4128613.630479094,52S
37.28901090522202,127.10713483460502,332211.6887132984,4128613.54967124,52S
37.28901021016753,127.10713691243778,332211.8713714817,4128613.4688633927,52S
37.28900951511305,127.1071389902705,332212.0540296639,4128613.38805555,52S
37.28900882005857,127.10714106810326,332212.23668785405,4128613.3072477113,52S
37.28900812500406,127.10714314593594,332212.41934604064,4128613.226439875,52S
37.28900742994958,127.10714522376868,332212.6020042352,4128613.1456320435,52S
37.289006734895096,127.10714730160142,332212.7846624331,4128613.064824217,52S
37.289006039840594,127.10714937943412,332212.9673206321,4128612.984016394,52S
37.28900534478611,127.10715145726684,332213.14997883444,4128612.9032085757,52S
37.28900464973161,127.10715353509957,332213.3326370424,4128612.82240076,52S
37.28900395467712,127.10715561293227,332213.5152952515,4128612.7415929497,52S
37.289003259622625,127.10715769076502,332213.69795346615,4128612.6607851423,52S
37.28900256456814,127.10715976859775,332213.8806116842,4128612.579977341,52S
37.289001869513655,127.10716184643046,332214.0632699034,4128612.499169542,52S
37.289001174459166,127.10716392426319,332214.24592812813,4128612.4183617486,52S
37.28900047940468,127.10716600209588,332214.42858635174,4128612.3375539593,52S
37.28899978435019,127.10716807992857,332214.61124457873,4128612.256746173,52S
37.28899908929568,127.10717015776135,332214.793902818,4128612.175938389,52S
37.28899839424119,127.10717223559409,332214.9765610562,4128612.0951306117,52S
37.28899769918671,127.10717431342673,332215.1592192888,4128612.0143228387,52S
37.28899700413223,127.1071763912595,332215.34187753825,4128611.93351507,52S
37.28899630907774,127.10717846909225,332215.52453578654,4128611.852707305,52S
37.28899561402325,127.10718054692492,332215.70719403366,4128611.7718995432,52S
37.288994918968754,127.10718262475767,332215.88985228864,4128611.6910917847,52S
37.28899422391426,127.1071847025904,332216.07251054695,4128611.6102840328,52S
37.28899352885977,127.10718678042313,332216.2551688087,4128611.529476284,52S
37.28899283380527,127.10718885825587,332216.43782707374,4128611.448668537,52S
37.288992138750785,127.10719093608856,332216.6204853377,4128611.3678607983,52S
37.2889914436963,127.10719301392129,332216.80314360943,4128611.2870530616,52S
37.28899074864181,127.10719509175402,332216.9858018846,4128611.2062453283,52S
37.28899005358731,127.10719716958675,332217.1684601631,4128611.125437599,52S
37.28898935853283,127.1071992474195,332217.351118445,4128611.0446298756,52S
37.28898866347834,127.1072013252522,332217.53377672797,4128610.963822156,52S
37.28898796842385,127.10720340308491,332217.71643501427,4128610.8830144396,52S
37.28898727336936,127.10720548091766,332217.8990933063,4128610.802206728,52S
37.28898657831485,127.10720755875036,332218.0817515992,4128610.7213990176,52S
37.28898588326037,127.1072096365831,332218.2644098979,4128610.6405913155,52S
37.288985188205885,127.10721171441584,332218.4470682,4128610.5597836166,52S
37.28898381688198,127.10721622688084,332218.8440572483,4128610.399619237,52S
37.28898314061256,127.10721828372537,332219.024896662,4128610.320933099,52S
37.28898246434315,127.10722034056984,332219.2057360721,4128610.2422469663,52S
37.28898178807374,127.10722239741435,332219.3865754899,4128610.163560837,52S
37.28898111180432,127.10722445425888,332219.56741491327,4128610.0848747115,52S
37.28898043553491,127.1072265111034,332219.7482543398,4128610.0061885896,52S
37.28897975926551,127.1072285679479,332219.92909376515,4128609.927502473,52S
37.28897908299609,127.10723062479244,332220.1099331982,4128609.84881636,52S
37.28897840672668,127.10723268163692,332220.2907726299,4128609.7701302497,52S
37.28897773045727,127.10723473848145,332220.4716120694,4128609.691444145,52S
37.288977054187846,127.10723679532602,332220.6524515144,4128609.6127580423,52S
37.28897637791843,127.1072388521705,332220.83329095587,4128609.5340719447,52S
37.28897570164903,127.10724090901498,332221.01413040055,4128609.4553858526,52S
37.2889750253796,127.10724296585954,332221.19496985525,4128609.376699761,52S
37.2889743491102,127.10724502270402,332221.3758093064,4128609.298013677,52S
37.28897367284078,127.10724707954851,332221.5566487608,4128609.219327595,52S
37.28897299657138,127.10724913639302,332221.7374882207,4128609.14064152,52S
37.28897186945565,127.10725081544979,332221.8838348265,4128609.0126023553,52S
37.288970817480894,127.10725289328253,332222.0657003264,4128608.8921926785,52S
37.288969615224026,127.10725572669078,332222.3142146749,4128608.7537674117,52S
37.2889690140956,127.10725780452353,332222.49708170205,4128608.6833813614,52S
37.28896766155659,127.10725950456845,332222.64478819445,4128608.5302931378,52S
37.288966158735434,127.10726252687058,332222.9093805584,4128608.35818354,52S
37.28896660958179,127.10726177129506,332222.8433993865,4128608.4095482114,52S
37.2889642050679,127.10726422691556,332223.05575171876,4128608.138397157,52S
37.288963303375176,127.10726554917277,332223.17096840276,4128608.036003081,52S
37.288962401682426,127.10726724921771,332223.31967643177,4128607.9329384826,52S
37.28896134970754,127.107268382581,332223.41781360813,4128607.8142051264,52S
37.28896044801478,127.10726951594434,332223.5162846283,4128607.712146311,52S
37.288959696604145,127.10727064930762,332223.61508948274,4128607.626762041,52S
37.288958945193485,127.10727159377704,332223.69714866835,4128607.5417130287,52S
37.28895834406498,127.10727253824648,332223.77954169177,4128607.4733385616,52S
37.288956991525765,127.10727386050364,332223.893756882,4128607.32092086,52S
37.288956240115105,127.1072744271853,332223.9423247264,4128607.2365423692,52S
37.288954887575855,127.10727518276084,332224.00630290364,4128607.0851304447,52S
37.28895383560087,127.10727688280578,332224.15467712213,4128606.9653913076,52S
37.28895443672944,127.107276505018,332224.1225211149,4128607.032759999,52S
37.28895233277945,127.1072780161691,332224.2518128215,4128606.7966343206,52S
37.28895143108658,127.10727896063854,332224.33353818714,4128606.6949107633,52S
37.2889505293937,127.10727990510792,332224.41526355024,4128606.593187207,52S
37.28894917685436,127.10728084957736,332224.49598741875,4128606.441440018,52S
37.28894872600792,127.10728122736512,332224.52847726585,4128606.3907458703,52S
37.28894812487931,127.10728198294065,332224.5941246296,4128606.322706659,52S
37.28894737346854,127.10728217183453,332224.60920113395,4128606.2389986767,52S
37.288946471775596,127.10728273851619,332224.65743515803,4128606.1379456325,52S
37.288945269518344,127.10728330519788,332224.70500151766,4128606.0035434994,52S
37.2889446683897,127.10728368298562,332224.73715753155,4128605.936174803,52S
37.2889439169789,127.10728406077338,332224.7689797144,4128605.8521315604,52S
37.28894286500378,127.10728500524282,332224.8503712622,4128605.7337334543,52S
37.288941813028636,127.10728538303057,332224.88152577984,4128605.6163411196,52S
37.288940460489144,127.1072857608183,332224.9120126291,4128605.465599692,52S
37.288939558796116,127.10728632749999,332224.9602466639,4128605.3645466403,52S
37.28893850682092,127.10728651639388,332224.97465550725,4128605.2474895576,52S
37.288937304563554,127.10728708307552,332225.02222187317,4128605.113087414,52S
37.28893565145963,127.10728783865105,332225.08553241927,4128604.9283263707,52S
37.28893505033092,127.10728783865105,332225.0841970865,4128604.8616281813,52S
37.28893309666257,127.10728859422662,332225.14683997456,4128604.643518035,52S
37.288931293276356,127.10728897201435,332225.1763253341,4128604.4427529466,52S
37.288930091018855,127.10728897201435,332225.1736546705,4128604.3093565605,52S
37.28892873847915,127.10728897201435,332225.17065017397,4128604.159285624,52S
37.28892723565722,127.10728897201435,332225.16731184453,4128603.992540135,52S
37.28892618368185,127.1072887831205,332225.148229336,4128603.876153549,52S
37.288925131706485,127.1072887831205,332225.14589250524,4128603.759431705,52S
37.288923178037884,127.10728897201435,332225.1582983553,4128603.5423273034,52S
37.28892167521583,127.10728934980212,332225.18845138844,4128603.3749112887,52S
37.28891942098272,127.10728934980212,332225.18344389566,4128603.1247930317,52S
37.288917467313965,127.10728934980212,332225.17910406867,4128602.908023869,52S
37.28891611477403,127.10728916090822,332225.1593538907,4128602.7582881665,52S
37.28891506279851,127.1072887831205,332225.1235256975,4128602.6422368195,52S
37.28891371025852,127.10728859422662,332225.10377551813,4128602.49250111,52S
37.28891190687187,127.10728764975717,332225.0160411014,4128602.294082771,52S
37.2889110051785,127.1072872719694,332224.98054673546,4128602.194705969,52S
37.288909051509535,127.10728632749999,332224.8924784841,4128601.979613072,52S
37.28890799953391,127.10728613860611,332224.8733959664,4128601.863226457,52S
37.288906346429336,127.1072851941367,332224.7859953741,4128601.681482659,52S
37.288904543042484,127.10728424966726,332224.69826094434,4128601.483064302,52S
37.288903340784564,127.10728349409176,332224.62860753597,4128601.351008901,52S
37.28890008121401,127.10728205459004,332224.4937531111,4128600.991898407,52S
37.288898474748116,127.10728118177005,332224.4128079189,4128600.815202236,52S
37.28889686828225,127.10728030894997,332224.3318627168,4128600.6385060684,52S
37.28889526181638,127.10727943613003,332224.250917525,4128600.461809902,52S
37.28889365535049,127.10727856330998,332224.1699723188,4128600.2851137337,52S
37.28889204888462,127.10727769049001,332224.0890271162,4128600.1084175664,52S
37.28889044241875,127.10727681766994,332224.00808190356,4128599.931721401,52S
37.288888835952875,127.10727594484997,332223.9271366946,4128599.755025237,52S
37.28888722948698,127.10727507202992,332223.84619147563,4128599.5783290705,52S
37.28888562302111,127.10727419920994,332223.76524626033,4128599.4016329073,52S
37.28888401655524,127.10727332638989,332223.6843010351,4128599.224936744,52S
37.28888241008936,127.1072724535699,332223.60335581336,4128599.0482405825,52S
37.288880803623485,127.1072715807499,332223.5224105863,4128598.871544421,52S
37.28887919715761,127.1072707079299,332223.44146535604,4128598.6948482604,52S
37.28887759069171,127.10726983510988,332223.36052012024,4128598.5181520977,52S
37.28887598422586,127.10726896228984,332223.2795748814,4128598.341455941,52S
37.28887437775998,127.10726808946984,332223.1986296417,4128598.164759783,52S
37.2888727712941,127.1072672166498,332223.11768439645,4128597.988063624,52S
37.28887116482823,127.1072663438298,332223.0367391503,4128597.8113674666,52S
37.28886955836236,127.10726547100975,332222.95579389646,4128597.6346713095,52S
37.28886795189648,127.10726459818977,332222.8748486463,4128597.4579751547,52S
37.28886634543059,127.10726372536976,332222.7939033906,4128597.281278998,52S
37.288864738964726,127.10726285254974,332222.71295812953,4128597.1045828452,52S
37.28886313249882,127.10726197972971,332222.63201286516,4128596.9278866886,52S
37.28886152603297,127.1072611069097,332222.5510676,4128596.7511905376,52S
37.28885991956709,127.10726023408972,332222.47012233397,4128596.574494385,52S
37.288858313101215,127.10725936126967,332222.38917705795,4128596.397798234,52S
37.288856706635336,127.10725848844967,332222.3082317832,4128596.2211020826,52S
37.28885305257218,127.10725678921892,332222.14947553433,4128595.8186817127,52S
37.28885145582193,127.10725596280814,332222.07266607275,4128595.64298119,52S
37.288849859071654,127.10725513639737,332221.99585660826,4128595.4672806654,52S
37.28884826232141,127.1072543099867,332221.91904714983,4128595.291580144,52S
37.28884666557114,127.10725348357592,332221.8422376794,4128595.115879621,52S
37.28884506882089,127.10725265716519,332221.7654282104,4128594.940179101,52S
37.288843472070624,127.10725183075445,332221.6886187362,4128594.764478579,52S
37.28884187532036,127.10725100434367,332221.61180925684,4128594.5887780585,52S
37.288840278570106,127.10725017793295,332221.53499977896,4128594.4130775407,52S
37.288838681819854,127.10724935152226,332221.4581903004,4128594.2373770215,52S
37.28883708506958,127.1072485251115,332221.38138081424,4128594.061676502,52S
37.28883548831932,127.10724769870073,332221.30457132286,4128593.8859759853,52S
37.28883389156908,127.10724687229,332221.2277618331,4128593.71027547,52S
37.28883229481881,127.10724604587921,332221.1509523336,4128593.534574953,52S
37.28883069806856,127.10724521946848,332221.0741428379,4128593.358874438,52S
37.288829101318285,127.10724439305775,332220.99733333907,4128593.183173922,52S
37.28882750456803,127.10724356664699,332220.9205238329,4128593.0074734082,52S
37.28882590781776,127.10724274023629,332220.8437143304,4128592.831772893,52S
37.288824311067515,127.1072419138255,332220.76690481824,4128592.6560723823,52S
37.288822714317256,127.1072410874148,332220.69009530987,4128592.4803718706,52S
37.28882111756699,127.10724026100407,332220.6132857939,4128592.304671357,52S
37.28881952081673,127.10723943459328,332220.53647627286,4128592.128970846,52S
37.28881792406647,127.10723860818257,332220.45966675325,4128591.9532703357,52S
37.288814552104895,127.10723713244911,332220.3213503632,4128591.5817538723,52S
37.288812927176,127.10723629423246,332220.2434316273,4128591.4029477597,52S
37.28881130224708,127.10723545601589,332220.1655128928,4128591.2241416452,52S
37.288809677318184,127.10723461779928,332220.087594153,4128591.0453355336,52S
37.288808052389285,127.10723377958263,332220.0096754079,4128590.8665294214,52S
37.288806427460386,127.10723294136605,332219.9317566642,4128590.6877233116,52S
37.28880480253149,127.10723210314946,332219.85383791744,4128590.5089172022,52S
37.28880317760258,127.1072312649328,332219.7759191608,4128590.3301110924,52S
37.288801552673675,127.10723042671621,332219.6980004079,4128590.151304982,52S
37.28879992774476,127.10722958849962,332219.62008165184,4128589.972498873,52S
37.28879830281587,127.10722875028299,332219.54216288833,4128589.793692767,52S
37.28879667788698,127.10722791206638,332219.4642441239,4128589.61488666,52S
37.28879505295807,127.10722707384978,332219.38632535865,4128589.4360805526,52S
37.288793428029166,127.10722623563318,332219.30840658816,4128589.257274447,52S
37.288791803100246,127.10722539741654,332219.2304878122,4128589.078468341,52S
37.28896866611092,127.10761583110047,332254.2357966491,4128608.0093791457,52S
37.2889692468785,127.10761370399617,332254.0485161727,4128608.0775927906,52S
37.28896982764606,127.10761157689168,332253.8612356832,4128608.145806439,52S
37.28897040841366,127.10760944978738,332253.67395521246,4128608.214020096,52S
37.28897098918125,127.10760732268301,332253.4866747401,4128608.282233755,52S
37.28897156994882,127.10760519557857,332253.29939426377,4128608.3504474163,52S
37.28897215071641,127.1076030684742,332253.11211379705,4128608.4186610854,52S
37.28897273148397,127.10760094136984,332252.9248333332,4128608.4868747545,52S
37.288973312251564,127.10759881426546,332252.73755286995,4128608.555088432,52S
37.28897389301914,127.10759668716106,332252.55027240945,4128608.623302112,52S
37.28897447378672,127.10759456005674,332252.3629919565,4128608.6915157964,52S
37.288975054554314,127.1075924329523,332252.1757114973,4128608.7597294874,52S
37.28897563532189,127.10759030584794,332251.9884310478,4128608.8279431798,52S
37.288976216089466,127.10758817874354,332251.80115059885,4128608.8961568754,52S
37.28897679685706,127.10758605163919,332251.61387015507,4128608.9643705785,52S
37.28897737762464,127.10758392453477,332251.4265897095,4128609.032584285,52S
37.288977958392216,127.10758179743038,332251.2393092691,4128609.100797995,52S
37.28897853915979,127.10757967032602,332251.0520288339,4128609.1690117093,52S
37.28897911992738,127.10757754322164,332250.86474839924,4128609.2372254296,52S
37.288979700694966,127.10757541611723,332250.6774679652,4128609.3054391528,52S
37.28898028146255,127.10757328901286,332250.49018753844,4128609.3736528815,52S
37.28898086223012,127.1075711619085,332250.3029071146,4128609.44186661,52S
37.2889814429977,127.10756903480411,332250.1156266914,4128609.5100803473,52S
37.288982023765264,127.10756690769972,332249.928346271,4128609.5782940853,52S
37.288982604532876,127.10756478059535,332249.7410658558,4128609.646507834,52S
37.28898318530045,127.10756265349094,332249.5537854389,4128609.7147215814,52S
37.28898376606803,127.1075605263866,332249.36650503153,4128609.782935335,52S
37.28898434683562,127.1075583992822,332249.17922462034,4128609.8511490934,52S
37.28898492760319,127.10755627217779,332248.991944212,4128609.9193628547,52S
37.28898550837076,127.10755414507342,332248.804663811,4128609.987576619,52S
37.28898608913835,127.10755201796904,332248.61738341063,4128610.0557903904,52S
37.288986669905924,127.10754989086468,332248.4301030154,4128610.1240041656,52S
37.288987250673514,127.10754776376028,332248.2428226208,4128610.192217945,52S
37.2889878314411,127.10754563665593,332248.0555422312,4128610.2604317283,52S
37.28898841220869,127.10754350955152,332247.86826184,4128610.3286455167,52S
37.28898899297626,127.10754138244718,332247.68098145846,4128610.396859308,52S
37.28898957374384,127.10753925534276,332247.493701073,4128610.4650731036,52S
37.288990154511424,127.10753712823838,332247.30642069265,4128610.533286905,52S
37.288990735279015,127.10753500113397,332247.1191403129,4128610.601500711,52S
37.288991316046584,127.1075328740296,332246.93185994047,4128610.6697145184,52S
37.28899189681417,127.10753074692524,332246.7445795709,4128610.7379283323,52S
37.28899247758174,127.10752861982085,332246.55729920196,4128610.8061421504,52S
37.28899305834932,127.10752649271643,332246.37001883367,4128610.874355971,52S
37.28899363911691,127.10752436561212,332246.18273847725,4128610.9425697983,52S
37.28899421988449,127.10752223850768,332245.99545811233,4128611.010783629,52S
37.28899480065207,127.10752011140333,332245.80817775714,4128611.0789974644,52S
37.28899538141967,127.10751798429894,332245.6208974025,4128611.147211305,52S
37.28899596218723,127.10751585719453,332245.43361704843,4128611.2154251453,52S
37.28899654295481,127.10751373009016,332245.2463367018,4128611.2836389947,52S
37.28899712372239,127.1075116029858,332245.05905635795,4128611.351852846,52S
37.28899770448999,127.10750947588141,332244.87177601474,4128611.4200667036,52S
37.28899828525756,127.10750734877703,332244.6844956744,4128611.488280565,52S
37.28899886602514,127.1075052216727,332244.4972153414,4128611.5564944283,52S
37.28899944679272,127.10750309456826,332244.30993500224,4128611.624708297,52S
37.28900002756029,127.10750096746389,332244.12265467265,4128611.6929221707,52S
37.289000608327875,127.1074988403595,332243.93537434377,4128611.761136048,52S
37.28900118909545,127.10749671325505,332243.7480940109,4128611.8293499304,52S
37.28900176986304,127.10749458615072,332243.5608136945,4128611.897563817,52S
37.289002350630625,127.10749245904634,332243.3735333742,4128611.965777709,52S
37.289002931398194,127.10749033194193,332243.1862530544,4128612.033991602,52S
37.28900384732947,127.10748578483427,332242.78518107877,4128612.1436882424,52S
37.28900441710781,127.10748365972503,332242.598053233,4128612.2106793006,52S
37.28900498688614,127.10748153461577,332242.41092538775,4128612.2776703597,52S
37.28900555666447,127.10747940950648,332242.22379754303,4128612.344661426,52S
37.28900612644281,127.10747728439723,332242.03666970565,4128612.411652495,52S
37.28900669622112,127.10747515928793,332241.84954186424,4128612.4786435664,52S
37.28900726599946,127.10747303417874,332241.6624140369,4128612.545634645,52S
37.289007835777795,127.10747090906942,332241.4752862012,4128612.6126257284,52S
37.28900840555613,127.10746878396019,332241.28815837495,4128612.679616815,52S
37.28900897533447,127.10746665885095,332241.1010305516,4128612.746607907,52S
37.289009545112805,127.10746453374169,332240.9139027287,4128612.813599002,52S
37.28901011489114,127.1074624086324,332240.7267749064,4128612.8805901026,52S
37.28901068466947,127.10746028352312,332240.5396470892,4128612.947581206,52S
37.2890112544478,127.10745815841386,332240.3525192747,4128613.014572313,52S
37.28901182422612,127.10745603330463,332240.1653914653,4128613.081563425,52S
37.28901239400447,127.10745390819534,332239.97826365416,4128613.1485545435,52S
37.28901296378278,127.1074517830861,332239.79113585036,4128613.215545662,52S
37.28901353356113,127.10744965797684,332239.60400804714,4128613.2825367893,52S
37.289014103339454,127.10744753286758,332239.4168802466,4128613.3495279173,52S
37.2890146731178,127.10744540775829,332239.22975244676,4128613.4165190533,52S
37.289015242896134,127.10744328264904,332239.04262465413,4128613.4835101906,52S
37.28901581267447,127.10744115753978,332238.8554968621,4128613.550501332,52S
37.28901638245279,127.10743903243045,332238.668369066,4128613.6174924797,52S
37.28901695223112,127.10743690732126,332238.4812412863,4128613.68448363,52S
37.28901752200946,127.107434782212,332238.29411350266,4128613.7514747856,52S
37.289018091787796,127.10743265710273,332238.10698572185,4128613.818465946,52S
37.28901866156613,127.10743053199344,332237.91985794157,4128613.8854571097,52S
37.28901923134445,127.1074284068842,332237.7327301685,4128613.952448276,52S
37.2890198011228,127.10742628177489,332237.54560239153,4128614.0194394514,52S
37.28902037090112,127.10742415666564,332237.3584746241,4128614.086430627,52S
37.28902094067944,127.10742203155644,332237.17134686175,4128614.153421805,52S
37.28902151045778,127.10741990644715,332236.98421909544,4128614.220412991,52S
37.28902208023612,127.10741778133792,332236.7970913364,4128614.2874041824,52S
37.28902265001446,127.10741565622864,332236.609963578,4128614.354395377,52S
37.28902321979279,127.10741353111936,332236.42283582006,4128614.421386574,52S
37.28902378957113,127.10741140601012,332236.2357080695,4128614.4883777783,52S
37.28902435934947,127.10740928090081,332236.04858031496,4128614.5553689846,52S
37.28902492912779,127.10740715579162,332235.8614525744,4128614.622360195,52S
37.28902549890612,127.1074050306823,332235.6743248254,4128614.68935141,52S
37.28902606868446,127.1074029055731,332235.4871970883,4128614.756342629,52S
37.289026638462786,127.1074007804638,332235.30006934714,4128614.8233338525,52S
37.28902720824111,127.10739865535452,332235.11294160876,4128614.8903250797,52S
37.28902777801944,127.10739653024527,332234.92581387784,4128614.957316312,52S
37.28902834779778,127.107394405136,332234.7386861474,4128615.0243075513,52S
37.28902891757612,127.10739228002674,332234.5515584197,4128615.0912987916,52S
37.28902948735445,127.10739015491751,332234.36443069705,4128615.158290036,52S
37.28903005713278,127.10738802980825,332234.17730297503,4128615.225281285,52S
37.28903062691113,127.10738590469896,332233.99017525354,4128615.292272541,52S
37.289031196689464,127.10738377958967,332233.8030475349,4128615.3592638,52S
37.28903176646778,127.10738165448043,332233.6159198234,4128615.426255061,52S
37.28903233624612,127.10737952937116,332233.4287921125,4128615.4932463286,52S
37.28903290602445,127.1073774042619,332233.2416644044,4128615.560237599,52S
37.28903347580277,127.1073752791526,332233.05453669693,4128615.6272288724,52S
37.28903404558111,127.1073731540434,332232.867408999,4128615.694220153,52S
37.28903461535945,127.10737102893414,332232.6802812993,4128615.7612114376,52S
37.28903518513779,127.10736890382488,332232.49315360247,4128615.8282027273,52S
37.289035754916114,127.1073667787156,332232.30602590845,4128615.895194018,52S
37.28903632469446,127.10736465360633,332232.1188982149,4128615.962185316,52S
37.28903689447277,127.10736252849708,332231.93177052867,4128616.0291766147,52S
37.28903746425111,127.10736040338782,332231.74464284297,4128616.0961679206,52S
37.28903803402945,127.10735827827853,332231.55751515785,4128616.163159231,52S
37.28903860380778,127.10735615316929,332231.37038748007,4128616.230150545,52S
37.28903996840264,127.10734986343432,332230.8158265825,4128616.3927219887,52S
37.289040528604644,127.10734776306673,332230.6308710169,4128616.458606866,52S
37.28904108880663,127.10734566269915,332230.4459154561,4128616.524491747,52S
37.28904164900862,127.10734356233154,332230.2609598959,4128616.5903766323,52S
37.289042209210606,127.10734146196397,332230.0760043406,4128616.656261523,52S
37.2890427694126,127.10733936159636,332229.8910487858,4128616.722146417,52S
37.289043329614586,127.10733726122876,332229.70609323366,4128616.7880313145,52S
37.289043889816575,127.10733516086118,332229.5211376866,4128616.853916217,52S
37.28904445001856,127.10733306049362,332229.33618214214,4128616.919801121,52S
37.289045010220555,127.10733096012603,332229.1512266005,4128616.985686034,52S
37.289045570422545,127.10732885975844,332228.9662710593,4128617.051570948,52S
37.289046130624534,127.10732675939086,332228.7813155231,4128617.117455868,52S
37.289046690826524,127.10732465902326,332228.5963599873,4128617.1833407898,52S
37.28904725102851,127.1073225586556,332228.4114044497,4128617.2492257184,52S
37.289047811230496,127.10732045828807,332228.22644892614,4128617.315110648,52S
37.289048371432486,127.10731835792048,332228.0414933986,4128617.3809955847,52S
37.289048931634476,127.10731625755288,332227.85653787374,4128617.446880524,52S
37.289049491836465,127.10731415718533,332227.67158235604,4128617.5127654695,52S
37.28905005203845,127.10731205681772,332227.48662683653,4128617.5786504154,52S
37.28905061224045,127.10730995645015,332227.3016713221,4128617.6445353706,52S
37.28905117244244,127.10730785608254,332227.1167158081,4128617.710420327,52S
37.28905173264441,127.10730575571498,332226.931760299,4128617.7763052853,52S
37.28905229284642,127.10730365534737,332226.7468047906,4128617.8421902526,52S
37.289052853048396,127.10730155497977,332226.5618492846,4128617.9080752213,52S
37.2890534132504,127.10729945461222,332226.3768937861,4128617.9739601957,52S
37.28905397345236,127.1072973542446,332226.1919382834,4128618.0398451695,52S
37.28905453365437,127.10729525387704,332226.00698279025,4128618.1057301546,52S
37.28905509385635,127.10729315350943,332225.82202729525,4128618.171615138,52S
37.289055654058345,127.10729105314186,332225.63707180525,4128618.2375001297,52S
37.28905621426034,127.10728895277421,332225.45211631124,4128618.303385125,52S
37.289056774462324,127.10728685240666,332225.2671608289,4128618.3692701226,52S
37.289057334664314,127.1072847520391,332225.08220534935,4128618.4351551253,52S
37.2890578948663,127.10728265167153,332224.89724987024,4128618.501040132,52S
37.28905845506831,127.10728055130393,332224.7122943916,4128618.5669251448,52S
37.289059015270276,127.10727845093632,332224.5273389156,4128618.632810158,52S
37.28905957547225,127.10727635056875,332224.3423834447,4128618.6986951744,52S
37.289060135674255,127.10727425020114,332224.1574279743,4128618.764580202,52S
37.28906069587625,127.10727214983355,332223.97247250646,4128618.8304652288,52S
37.28906125607823,127.10727004946597,332223.78751704376,4128618.8963502604,52S
37.28906181628021,127.10726794909837,332223.60256158136,4128618.9622352947,52S
37.28906237648223,127.10726584873082,332223.41760612634,4128619.0281203394,52S
37.289062936684196,127.10726374836322,332223.2326506694,4128619.0940053808,52S
37.28906349688618,127.10726164799564,332223.04769521754,4128619.1598904305,52S
37.28906405708819,127.10725954762805,332222.8627397661,4128619.225775485,52S
37.28906461729016,127.10725744726044,332222.6777843173,4128619.291660539,52S
37.289065177492155,127.10725534689286,332222.49282887357,4128619.3575456007,52S
37.28906573769415,127.10725324652526,332222.3078734303,4128619.4234306677,52S
37.28906629789614,127.10725114615767,332222.1229179898,4128619.489315738,52S
37.289067671158456,127.1072445817048,332221.544022671,4128619.6533370963,52S
37.28906824960435,127.10724247677165,332221.3587030277,4128619.7212545373,52S
37.289068828050226,127.10724037183847,332221.173383385,4128619.789171982,52S
37.289069406496104,127.10723826690531,332220.9880637451,4128619.85708943,52S
37.28906998494199,127.10723616197218,332220.80274411244,4128619.925006883,52S
37.28907056338785,127.10723405703904,332220.6174244804,4128619.992924338,52S
37.289071141833745,127.10723195210589,332220.4321048511,4128620.0608417997,52S
37.28907172027964,127.10722984717269,332220.2467852203,4128620.128759267,52S
37.28907229872549,127.10722774223957,332220.0614655989,4128620.196676733,52S
37.28907287717138,127.1072256373064,332219.8761459759,4128620.264594207,52S
37.28907345561726,127.1072235323733,332219.69082636246,4128620.3325116863,52S
37.289074034063134,127.10722142744007,332219.50550674053,4128620.400429167,52S
37.289074612509005,127.10721932250695,332219.3201871304,4128620.468346651,52S
37.2890751909549,127.1072172175738,332219.134867521,4128620.536264143,52S
37.289075769400775,127.10721511264063,332218.949547912,4128620.6041816375,52S
37.28907634784665,127.1072130077075,332218.76422831044,4128620.6720991354,52S
37.28907692629254,127.10721090277433,332218.5789087071,4128620.74001664,52S
37.2890775047384,127.10720879784118,332218.39358910883,4128620.8079341445,52S
37.28907808318428,127.10720669290797,332218.20826950663,4128620.8758516563,52S
37.28907866163017,127.10720458797489,332218.02294992085,4128620.9437691723,52S
37.289079240076056,127.10720248304176,332217.8376303333,4128621.011686693,52S
37.28907981852192,127.10720037810857,332217.65231074183,4128621.0796042155,52S
37.28908039696781,127.1071982731754,332217.4669911554,4128621.1475217445,52S
37.28908097541368,127.10719616824227,332217.2816715763,4128621.2154392754,52S
37.28908155385956,127.10719406330912,332217.0963519978,4128621.2833568114,52S
37.28908213230545,127.10719195837598,332216.91103242215,4128621.351274354,52S
37.28908271075133,127.10718985344283,332216.72571284923,4128621.4191918992,52S
37.2890832891972,127.10718774850966,332216.54039327696,4128621.487109448,52S
37.28908386764307,127.10718564357651,332216.3550737097,4128621.5550269997,52S
37.289084446088964,127.10718353864334,332216.169754143,4128621.622944558,52S
37.28908502453484,127.10718143371017,332215.98443457915,4128621.6908621206,52S
37.28908560298072,127.10717932877704,332215.79911502264,4128621.7587796845,52S
37.28908618142659,127.10717722384389,332215.6137954666,4128621.826697254,52S
37.28908675987247,127.10717511891072,332215.42847591115,4128621.89461483,52S
37.28908733831836,127.1071730139776,332215.24315636314,4128621.9625324095,52S
37.289087916764224,127.10717090904444,332215.0578368156,4128622.0304499897,52S
37.2890884952101,127.10716880411127,332214.87251726864,4128622.0983675774,52S
37.28908907365599,127.1071666991781,332214.6871977245,4128622.1662851674,52S
37.28908965210187,127.10716459424498,332214.50187818776,4128622.234202765,52S
37.28909023054774,127.10716248931186,332214.3165586537,4128622.3021203633,52S
37.28909080899362,127.10716038437869,332214.131239118,4128622.3700379673,52S
37.28909138743952,127.10715827944549,332213.9459195829,4128622.437955577,52S
37.28909196588537,127.10715617451235,332213.76060005726,4128622.505873187,52S
37.289092544331254,127.1071540695792,332213.57528053,4128622.573790802,52S
37.289093122777146,127.10715196464604,332213.3899610079,4128622.6417084257,52S
37.28909370122302,127.10714985971286,332213.20464148634,4128622.709626049,52S
37.289094279668895,127.10714775477977,332213.01932197425,4128622.7775436784,52S
37.28909485811479,127.1071456498466,332212.8340024583,4128622.8454613127,52S
37.28909543656065,127.10714354491343,332212.6486829452,4128622.9133789483,52S
37.28909601500654,127.1071414399803,332212.4633634393,4128622.9812965905,52S
37.289096593452406,127.10713933504712,332212.2780439318,4128623.049214235,52S
37.28909717189829,127.10713723011398,332212.0927244294,4128623.117131886,52S
37.28909775034417,127.1071351251808,332211.9074049275,4128623.185049541,52S
37.289098328790054,127.10713302024769,332211.72208543296,4128623.2529672,52S
37.28909890723594,127.10713091531454,332211.536765939,4128623.320884863,52S
37.28909948568182,127.10712881038137,332211.35144644557,4128623.3888025284,52S
37.28910006412768,127.1071267054482,332211.16612695483,4128623.4567201985,52S
37.28906732732705,127.10724786621402,332221.8344342058,4128619.60935768,52S
37.28910148718515,127.10712277807004,332210.8211221661,4128623.6215865337,52S
37.28910209718235,127.107120660731,332210.63477298495,4128623.693027011,52S
37.289102707179566,127.10711854339192,332210.4484238046,4128623.7644674964,52S
37.289103317176775,127.10711642605291,332210.2620746317,4128623.8359079827,52S
37.28910392717398,127.10711430871385,332210.0757254573,4128623.9073484754,52S
37.2891045371712,127.10711219137482,332209.8893762904,4128623.978788972,52S
37.2891051471684,127.10711007403582,332209.70302712644,4128624.050229472,52S
37.28910575716562,127.10710795669677,332209.5166779633,4128624.121669978,52S
37.28910636716282,127.1071058393577,332209.33032880083,4128624.193110486,52S
37.289106977160046,127.10710372201869,332209.1439796459,4128624.264551001,52S
37.28910758715725,127.10710160467964,332208.9576304917,4128624.3359915167,52S
37.28910819715446,127.10709948734058,332208.7712813383,4128624.407432039,52S
37.289108807151685,127.10709737000157,332208.58493219235,4128624.4788725665,52S
37.28910941714889,127.10709525266252,332208.3985830471,4128624.550313097,52S
37.2891100271461,127.10709313532348,332208.21223390487,4128624.6217536316,52S
37.2891106371433,127.10709101798444,332208.0258847656,4128624.6931941696,52S
37.28911124714052,127.10708890064537,332207.8395356271,4128624.7646347135,52S
37.289111857137726,127.10708678330636,332207.6531864961,4128624.83607526,52S
37.28911246713493,127.10708466596734,332207.4668373681,4128624.9075158117,52S
37.289113077132136,127.10708254862824,332207.2804882363,4128624.978956367,52S
37.28911368712935,127.10708043128923,332207.09413911426,4128625.050396927,52S
37.28911429712657,127.10707831395017,332206.9077899908,4128625.121837493,52S
37.289114907123775,127.10707619661117,332206.721440877,4128625.193278061,52S
37.28911551712098,127.10707407927214,332206.53509176173,4128625.264718635,52S
37.289116127118206,127.10707196193304,332206.3487426449,4128625.336159213,52S
37.28911673711541,127.10706984459402,332206.1623935378,4128625.407599794,52S
37.28911734711262,127.10706772725501,332205.9760444338,4128625.4790403796,52S
37.28911795710983,127.10706560991596,332205.78969533043,4128625.5504809693,52S
37.28911856710704,127.10706349257696,332205.6033462323,4128625.6219215635,52S
37.289119177104254,127.10706137523789,332205.41699713276,4128625.6933621624,52S
37.28911978710146,127.10705925789884,332205.2306480384,4128625.764802765,52S
37.28912039709867,127.10705714055986,332205.04429895163,4128625.8362433724,52S
37.28912100709589,127.10705502322077,332204.8579498587,4128625.907683985,52S
37.2891216170931,127.10705290588174,332204.67160077556,4128625.9791246005,52S
37.2891222270903,127.10705078854268,332204.48525169096,4128626.050565219,52S
37.28912283708751,127.10704867120366,332204.2989026138,4128626.1220058426,52S
37.28912344708472,127.10704655386462,332204.11255353736,4128626.193446471,52S
37.28912405708194,127.10704443652556,332203.9262044618,4128626.2648871043,52S
37.289124667079165,127.10704231918649,332203.7398553891,4128626.336327742,52S
37.289125277076366,127.1070402018475,332203.55350632616,4128626.407768382,52S
37.289125887073574,127.10703808450849,332203.36715726403,4128626.4792090277,52S
37.289126497070775,127.10703596716937,332203.18080819584,4128626.5506496765,52S
37.28912710706801,127.10703384983034,332202.9944591397,4128626.622090334,52S
37.28912771706522,127.10703173249136,332202.80811008875,4128626.6935309917,52S
37.289128327062414,127.10702961515231,332202.6217610362,4128626.764971652,52S
37.28912893705963,127.10702749781328,332202.4354119868,4128626.8364123194,52S
37.28912954705684,127.10702538047421,332202.2490629381,4128626.9078529896,52S
37.28913015705405,127.10702326313519,332202.06271389686,4128626.979293666,52S
37.289130767051255,127.10702114579615,332201.8763648564,4128627.050734344,52S
